version,page_size,run_index,sql_query_count,latency_ms,started_at
naive,10,1,11,2081.618,2026-09-28T10:12:14
naive,10,2,11,2094.668,2026-09-28T10:12:16
naive,10,3,11,2071.22,2026-09-28T10:12:18
naive,10,4,11,2079.813,2026-09-28T10:12:20
naive,10,5,11,2067.357,2026-09-28T10:12:23
naive,10,6,11,2077.154,2026-09-28T10:12:25
naive,10,7,11,2073.369,2026-09-28T10:12:27
naive,10,8,11,2064.74,2026-09-28T10:12:29
naive,10,9,11,2086.501,2026-09-28T10:12:31
naive,10,10,11,2080.711,2026-09-28T10:12:33
naive,10,11,11,2056.513,2026-09-28T10:12:35
naive,10,12,11,2080.979,2026-09-28T10:12:37
naive,10,13,11,2105.455,2026-09-28T10:12:39
naive,10,14,11,2119.575,2026-09-28T10:12:41
naive,10,15,11,2063.759,2026-09-28T10:12:43
naive,10,16,11,2074.472,2026-09-28T10:12:45
naive,10,17,11,2087.607,2026-09-28T10:12:48
naive,10,18,11,2088.973,2026-09-28T10:12:50
naive,10,19,11,2069.557,2026-09-28T10:12:52
naive,10,20,11,2079.809,2026-09-28T10:12:54
naive,10,21,11,2060.302,2026-09-28T10:12:56
naive,10,22,11,2068.868,2026-09-28T10:12:58
naive,10,23,11,2062.083,2026-09-28T10:13:00
naive,10,24,11,2072.96,2026-09-28T10:13:02
naive,10,25,11,2069.839,2026-09-28T10:13:04
naive,10,26,11,2067.676,2026-09-28T10:13:06
naive,10,27,11,2050.897,2026-09-28T10:13:08
naive,10,28,11,2072.748,2026-09-28T10:13:10
naive,10,29,11,2072.227,2026-09-28T10:13:12
naive,10,30,11,2069.655,2026-09-28T10:13:14
fixed,10,1,1,2041.461,2026-09-28T10:13:16
fixed,10,2,1,2049.827,2026-09-28T10:13:19
fixed,10,3,1,2040.809,2026-09-28T10:13:21
fixed,10,4,1,2043.767,2026-09-28T10:13:23
fixed,10,5,1,2047.052,2026-09-28T10:13:25
fixed,10,6,1,2045.594,2026-09-28T10:13:27
fixed,10,7,1,2049.379,2026-09-28T10:13:29
fixed,10,8,1,2026.607,2026-09-28T10:13:31
fixed,10,9,1,2033.733,2026-09-28T10:13:33
fixed,10,10,1,2043.681,2026-09-28T10:13:35
fixed,10,11,1,2053.343,2026-09-28T10:13:37
fixed,10,12,1,2045.241,2026-09-28T10:13:39
fixed,10,13,1,2034.593,2026-09-28T10:13:41
fixed,10,14,1,2041.289,2026-09-28T10:13:43
fixed,10,15,1,2035.331,2026-09-28T10:13:45
fixed,10,16,1,2041.263,2026-09-28T10:13:47
fixed,10,17,1,2045.253,2026-09-28T10:13:49
fixed,10,18,1,2053.921,2026-09-28T10:13:51
fixed,10,19,1,2053.044,2026-09-28T10:13:53
fixed,10,20,1,2037.458,2026-09-28T10:13:55
fixed,10,21,1,2029.503,2026-09-28T10:13:57
fixed,10,22,1,2054.742,2026-09-28T10:13:59
fixed,10,23,1,2034.665,2026-09-28T10:14:01
fixed,10,24,1,2050.372,2026-09-28T10:14:03
fixed,10,25,1,2042.286,2026-09-28T10:14:06
fixed,10,26,1,2037.869,2026-09-28T10:14:08
fixed,10,27,1,2056.864,2026-09-28T10:14:10
fixed,10,28,1,2058.615,2026-09-28T10:14:12
fixed,10,29,1,2066.519,2026-09-28T10:14:14
fixed,10,30,1,2050.767,2026-09-28T10:14:16
naive,50,1,51,2181.786,2026-09-28T10:14:18
naive,50,2,51,2147.684,2026-09-28T10:14:20
naive,50,3,51,2159.591,2026-09-28T10:14:22
naive,50,4,51,2213.184,2026-09-28T10:14:24
naive,50,5,51,2193.16,2026-09-28T10:14:27
naive,50,6,51,2192.344,2026-09-28T10:14:29
naive,50,7,51,2162.964,2026-09-28T10:14:31
naive,50,8,51,2156.553,2026-09-28T10:14:33
naive,50,9,51,2147.406,2026-09-28T10:14:35
naive,50,10,51,2179.976,2026-09-28T10:14:38
naive,50,11,51,2168.952,2026-09-28T10:14:40
naive,50,12,51,2142.937,2026-09-28T10:14:42
naive,50,13,51,2147.254,2026-09-28T10:14:44
naive,50,14,51,2162.543,2026-09-28T10:14:46
naive,50,15,51,2177.175,2026-09-28T10:14:48
naive,50,16,51,2139.976,2026-09-28T10:14:50
naive,50,17,51,2197.922,2026-09-28T10:14:53
naive,50,18,51,2173.867,2026-09-28T10:14:55
naive,50,19,51,2193.4,2026-09-28T10:14:57
naive,50,20,51,2154.285,2026-09-28T10:14:59
naive,50,21,51,2197.056,2026-09-28T10:15:01
naive,50,22,51,2136.06,2026-09-28T10:15:04
naive,50,23,51,2157.216,2026-09-28T10:15:06
naive,50,24,51,2154.5,2026-09-28T10:15:08
naive,50,25,51,2185.171,2026-09-28T10:15:10
naive,50,26,51,2179.848,2026-09-28T10:15:12
naive,50,27,51,2174.701,2026-09-28T10:15:14
naive,50,28,51,2174.716,2026-09-28T10:15:17
naive,50,29,51,2190.977,2026-09-28T10:15:19
naive,50,30,51,2187.245,2026-09-28T10:15:21
fixed,50,1,1,2064.696,2026-09-28T10:15:23
fixed,50,2,1,2046.402,2026-09-28T10:15:25
fixed,50,3,1,2059.425,2026-09-28T10:15:27
fixed,50,4,1,2048.023,2026-09-28T10:15:29
fixed,50,5,1,2039.038,2026-09-28T10:15:31
fixed,50,6,1,2048.84,2026-09-28T10:15:33
fixed,50,7,1,2056.567,2026-09-28T10:15:35
fixed,50,8,1,2046.367,2026-09-28T10:15:37
fixed,50,9,1,2051.327,2026-09-28T10:15:39
fixed,50,10,1,2060.762,2026-09-28T10:15:41
fixed,50,11,1,2063.833,2026-09-28T10:15:44
fixed,50,12,1,2052.724,2026-09-28T10:15:46
fixed,50,13,1,2051.677,2026-09-28T10:15:48
fixed,50,14,1,2042.988,2026-09-28T10:15:50
fixed,50,15,1,2051.547,2026-09-28T10:15:52
fixed,50,16,1,2033.298,2026-09-28T10:15:54
fixed,50,17,1,2045.355,2026-09-28T10:15:56
fixed,50,18,1,2065.871,2026-09-28T10:15:58
fixed,50,19,1,2062.686,2026-09-28T10:16:00
fixed,50,20,1,2063.773,2026-09-28T10:16:02
fixed,50,21,1,2053.956,2026-09-28T10:16:04
fixed,50,22,1,2044.476,2026-09-28T10:16:06
fixed,50,23,1,2032.51,2026-09-28T10:16:08
fixed,50,24,1,2050.818,2026-09-28T10:16:10
fixed,50,25,1,2057.662,2026-09-28T10:16:12
fixed,50,26,1,2046.562,2026-09-28T10:16:14
fixed,50,27,1,2034.278,2026-09-28T10:16:16
fixed,50,28,1,2063.344,2026-09-28T10:16:18
fixed,50,29,1,2042.884,2026-09-28T10:16:20
fixed,50,30,1,2044.054,2026-09-28T10:16:22
naive,200,1,201,2644.585,2026-09-28T10:16:25
naive,200,2,201,2614.442,2026-09-28T10:16:28
naive,200,3,201,2552.575,2026-09-28T10:16:30
naive,200,4,201,2518.256,2026-09-28T10:16:33
naive,200,5,201,2636.687,2026-09-28T10:16:35
naive,200,6,201,2518.436,2026-09-28T10:16:38
naive,200,7,201,2511.503,2026-09-28T10:16:40
naive,200,8,201,2566.977,2026-09-28T10:16:43
naive,200,9,201,2632.309,2026-09-28T10:16:46
naive,200,10,201,2464.881,2026-09-28T10:16:48
naive,200,11,201,2562.273,2026-09-28T10:16:51
naive,200,12,201,2547.095,2026-09-28T10:16:53
naive,200,13,201,2504.035,2026-09-28T10:16:56
naive,200,14,201,2614.014,2026-09-28T10:16:58
naive,200,15,201,2599.929,2026-09-28T10:17:01
naive,200,16,201,2512.86,2026-09-28T10:17:03
naive,200,17,201,2554.375,2026-09-28T10:17:06
naive,200,18,201,2490.065,2026-09-28T10:17:09
naive,200,19,201,2531.362,2026-09-28T10:17:11
naive,200,20,201,2587.384,2026-09-28T10:17:14
naive,200,21,201,2548.912,2026-09-28T10:17:16
naive,200,22,201,2625.05,2026-09-28T10:17:19
naive,200,23,201,2559.762,2026-09-28T10:17:21
naive,200,24,201,2569.969,2026-09-28T10:17:24
naive,200,25,201,2595.453,2026-09-28T10:17:27
naive,200,26,201,2549.527,2026-09-28T10:17:29
naive,200,27,201,2564.458,2026-09-28T10:17:32
naive,200,28,201,2522.036,2026-09-28T10:17:34
naive,200,29,201,2512.072,2026-09-28T10:17:37
naive,200,30,201,2540.587,2026-09-28T10:17:39
fixed,200,1,1,2056.775,2026-09-28T10:17:41
fixed,200,2,1,2073.093,2026-09-28T10:17:43
fixed,200,3,1,2068.239,2026-09-28T10:17:45
fixed,200,4,1,2097.277,2026-09-28T10:17:48
fixed,200,5,1,2041.059,2026-09-28T10:17:50
fixed,200,6,1,2057.183,2026-09-28T10:17:52
fixed,200,7,1,2062.5,2026-09-28T10:17:54
fixed,200,8,1,2065.878,2026-09-28T10:17:56
fixed,200,9,1,2074.062,2026-09-28T10:17:58
fixed,200,10,1,2051.55,2026-09-28T10:18:00
fixed,200,11,1,2054.191,2026-09-28T10:18:02
fixed,200,12,1,2072.075,2026-09-28T10:18:04
fixed,200,13,1,2057.99,2026-09-28T10:18:06
fixed,200,14,1,2058.09,2026-09-28T10:18:08
fixed,200,15,1,2047.122,2026-09-28T10:18:10
fixed,200,16,1,2079.754,2026-09-28T10:18:12
fixed,200,17,1,2051.746,2026-09-28T10:18:14
fixed,200,18,1,2056.067,2026-09-28T10:18:16
fixed,200,19,1,2059.022,2026-09-28T10:18:18
fixed,200,20,1,2068.835,2026-09-28T10:18:21
fixed,200,21,1,2073.988,2026-09-28T10:18:23
fixed,200,22,1,2062.272,2026-09-28T10:18:25
fixed,200,23,1,2051.739,2026-09-28T10:18:27
fixed,200,24,1,2063.745,2026-09-28T10:18:29
fixed,200,25,1,2063.943,2026-09-28T10:18:31
fixed,200,26,1,2071.782,2026-09-28T10:18:33
fixed,200,27,1,2057.436,2026-09-28T10:18:35
fixed,200,28,1,2054.598,2026-09-28T10:18:37
fixed,200,29,1,2061.813,2026-09-28T10:18:39
fixed,200,30,1,2051.144,2026-09-28T10:18:41
